[{"tafId":13502659,"icaoId":"LKPR","dbPopTime":"2023-12-15 14:21:04","bulletinTime":"2023-12-15 14:21:00","issueTime":"2023-12-15 14:00:00","validTimeFrom":1702652400,"validTimeTo":1702760400,"rawTAF":"TAF LKPR 151400Z 1515/1621 25008KT 9999 SCT020 BKN035 BECMG 1515/1517 BKN025 TEMPO 1517/1522 7000 -RA BKN017 BECMG 1600/1602 23010KT 9999 SCT045 TEMPO 1602/1609 7000 -RA BKN025 BECMG 1619/1621 23016KT 3500 BR SCT003","mostRecent":1,"remarks":"","lat":50.101,"lon":14.26,"elev":364,"prior":2,"name":"Prague/Havel Arpt, ST, CZ","fcsts":[{"timeGroup":0,"timeFrom":1702652400,"timeTo":1702760400,"timeBec":null,"fcstChange":null,"probability":null,"wdir":250,"wspd":8,"wgst":null,"wshearHgt":null,"wshearDir":null,"wshearSpd":null,"visib":"6\u002B","altim":null,"vertVis":null,"wxString":null,"notDecoded":null,"clouds":[{"cover":"SCT","base":2000,"type":null},{"cover":"BKN","base":3500,"type":null}],"icgTurb":[],"temp":[]},{"timeGroup":1,"timeFrom":1702652400,"timeTo":1702684800,"timeBec":1702659600,"fcstChange":"BECMG","probability":null,"wdir":250,"wspd":8,"wgst":null,"wshearHgt":null,"wshearDir":null,"wshearSpd":null,"visib":"6\u002B","altim":null,"vertVis":null,"wxString":null,"notDecoded":null,"clouds":[{"cover":"BKN","base":2500,"type":null}],"icgTurb":[],"temp":[]},{"timeGroup":2,"timeFrom":1702659600,"timeTo":1702677600,"timeBec":null,"fcstChange":"TEMPO","probability":null,"wdir":null,"wspd":null,"wgst":null,"wshearHgt":null,"wshearDir":null,"wshearSpd":null,"visib":4.35,"altim":null,"vertVis":null,"wxString":"-RA","notDecoded":null,"clouds":[{"cover":"BKN","base":1700,"type":null}],"icgTurb":[],"temp":[]},{"timeGroup":3,"timeFrom":1702684800,"timeTo":1702753200,"timeBec":1702692000,"fcstChange":"BECMG","probability":null,"wdir":230,"wspd":10,"wgst":null,"wshearHgt":null,"wshearDir":null,"wshearSpd":null,"visib":"6\u002B","altim":null,"vertVis":null,"wxString":null,"notDecoded":null,"clouds":[{"cover":"SCT","base":4500,"type":null}],"icgTurb":[],"temp":[]},{"timeGroup":4,"timeFrom":1702692000,"timeTo":1702717200,"timeBec":null,"fcstChange":"TEMPO","probability":null,"wdir":null,"wspd":null,"wgst":null,"wshearHgt":null,"wshearDir":null,"wshearSpd":null,"visib":4.35,"altim":null,"vertVis":null,"wxString":"-RA","notDecoded":null,"clouds":[{"cover":"BKN","base":2500,"type":null}],"icgTurb":[],"temp":[]},{"timeGroup":5,"timeFrom":1702753200,"timeTo":1702760400,"timeBec":1702760400,"fcstChange":"BECMG","probability":null,"wdir":230,"wspd":16,"wgst":null,"wshearHgt":null,"wshearDir":null,"wshearSpd":null,"visib":2.17,"altim":null,"vertVis":null,"wxString":"BR","notDecoded":null,"clouds":[{"cover":"SCT","base":300,"type":null}],"icgTurb":[],"temp":[]}]}]