[{"tafId":13506438,"icaoId":"LKPR","dbPopTime":"2023-12-15 20:03:02","bulletinTime":"2023-12-15 20:03:00","issueTime":"2023-12-15 20:00:00","validTimeFrom":1702674000,"validTimeTo":1702782000,"rawTAF":"TAF LKPR 152000Z 1521/1703 24010KT 9999 SCT022 BKN040 PROB30 TEMPO 1521/1604 7000 -SNRA BKN017 BECMG 1604/1606 9999 SCT040 BECMG 1618/1620 23016KT PROB30 TEMPO 1700/1703 5000 BR SCT005","mostRecent":1,"remarks":"","lat":50.101,"lon":14.26,"elev":364,"prior":2,"name":"Prague/Havel Arpt, ST, CZ","fcsts":[{"timeGroup":0,"timeFrom":1702674000,"timeTo":1702699200,"timeBec":null,"fcstChange":null,"probability":null,"wdir":240,"wspd":10,"wgst":null,"wshearHgt":null,"wshearDir":null,"wshearSpd":null,"visib":"6\u002B","altim":null,"vertVis":null,"wxString":null,"notDecoded":null,"clouds":[{"cover":"SCT","base":2200,"type":null},{"cover":"BKN","base":4000,"type":null}],"icgTurb":[],"temp":[]},{"timeGroup":1,"timeFrom":1702674000,"timeTo":1702699200,"timeBec":null,"fcstChange":"TEMPO","probability":"30","wdir":null,"wspd":null,"wgst":null,"wshearHgt":null,"wshearDir":null,"wshearSpd":null,"visib":4.35,"altim":null,"vertVis":null,"wxString":"-SN -RA","notDecoded":null,"clouds":[{"cover":"BKN","base":1700,"type":null}],"icgTurb":[],"temp":[]},{"timeGroup":2,"timeFrom":1702699200,"timeTo":1702749600,"timeBec":1702706400,"fcstChange":"BECMG","probability":null,"wdir":240,"wspd":10,"wgst":null,"wshearHgt":null,"wshearDir":null,"wshearSpd":null,"visib":"6\u002B","altim":null,"vertVis":null,"wxString":null,"notDecoded":null,"clouds":[{"cover":"SCT","base":4000,"type":null}],"icgTurb":[],"temp":[]},{"timeGroup":3,"timeFrom":1702749600,"timeTo":1702782000,"timeBec":1702756800,"fcstChange":"BECMG","probability":null,"wdir":230,"wspd":16,"wgst":null,"wshearHgt":null,"wshearDir":null,"wshearSpd":null,"visib":"6\u002B","altim":null,"vertVis":null,"wxString":null,"notDecoded":null,"clouds":[{"cover":"SCT","base":4000,"type":null}],"icgTurb":[],"temp":[]},{"timeGroup":4,"timeFrom":1702771200,"timeTo":1702782000,"timeBec":null,"fcstChange":"TEMPO","probability":"30","wdir":null,"wspd":null,"wgst":null,"wshearHgt":null,"wshearDir":null,"wshearSpd":null,"visib":3.11,"altim":null,"vertVis":null,"wxString":"BR","notDecoded":null,"clouds":[{"cover":"SCT","base":500,"type":null}],"icgTurb":[],"temp":[]}]}]