[{"tafId":13504726,"icaoId":"LKPR","dbPopTime":"2023-12-15 17:21:23","bulletinTime":"2023-12-15 17:21:00","issueTime":"2023-12-15 17:00:00","validTimeFrom":1702663200,"validTimeTo":1702771200,"rawTAF":"TAF LKPR 151700Z 1518/1700 25008KT 9999 BKN021 TEMPO 1518/1522 7000 -SNRA BKN017 BECMG 1600/1602 23010KT 9999 SCT040 TEMPO 1610/1616 BKN017 BECMG 1619/1621 23016KT BECMG 1622/1700 4000 BR SCT004","mostRecent":1,"remarks":"","lat":50.101,"lon":14.26,"elev":364,"prior":2,"name":"Prague/Havel Arpt, ST, CZ","fcsts":[{"timeGroup":0,"timeFrom":1702663200,"timeTo":1702684800,"timeBec":null,"fcstChange":null,"probability":null,"wdir":250,"wspd":8,"wgst":null,"wshearHgt":null,"wshearDir":null,"wshearSpd":null,"visib":"6\u002B","altim":null,"vertVis":null,"wxString":null,"notDecoded":null,"clouds":[{"cover":"BKN","base":2100,"type":null}],"icgTurb":[],"temp":[]},{"timeGroup":1,"timeFrom":1702663200,"timeTo":1702677600,"timeBec":null,"fcstChange":"TEMPO","probability":null,"wdir":null,"wspd":null,"wgst":null,"wshearHgt":null,"wshearDir":null,"wshearSpd":null,"visib":4.35,"altim":null,"vertVis":null,"wxString":"-SN -RA","notDecoded":null,"clouds":[{"cover":"BKN","base":1700,"type":null}],"icgTurb":[],"temp":[]},{"timeGroup":2,"timeFrom":1702684800,"timeTo":1702753200,"timeBec":1702692000,"fcstChange":"BECMG","probability":null,"wdir":230,"wspd":10,"wgst":null,"wshearHgt":null,"wshearDir":null,"wshearSpd":null,"visib":"6\u002B","altim":null,"vertVis":null,"wxString":null,"notDecoded":null,"clouds":[{"cover":"SCT","base":4000,"type":null}],"icgTurb":[],"temp":[]},{"timeGroup":3,"timeFrom":1702720800,"timeTo":1702742400,"timeBec":null,"fcstChange":"TEMPO","probability":null,"wdir":null,"wspd":null,"wgst":null,"wshearHgt":null,"wshearDir":null,"wshearSpd":null,"visib":null,"altim":null,"vertVis":null,"wxString":null,"notDecoded":null,"clouds":[{"cover":"BKN","base":1700,"type":null}],"icgTurb":[],"temp":[]},{"timeGroup":4,"timeFrom":1702753200,"timeTo":1702764000,"timeBec":1702760400,"fcstChange":"BECMG","probability":null,"wdir":230,"wspd":16,"wgst":null,"wshearHgt":null,"wshearDir":null,"wshearSpd":null,"visib":"6\u002B","altim":null,"vertVis":null,"wxString":null,"notDecoded":null,"clouds":[{"cover":"SCT","base":4000,"type":null}],"icgTurb":[],"temp":[]},{"timeGroup":5,"timeFrom":1702764000,"timeTo":1702771200,"timeBec":1702771200,"fcstChange":"BECMG","probability":null,"wdir":230,"wspd":16,"wgst":null,"wshearHgt":null,"wshearDir":null,"wshearSpd":null,"visib":2.49,"altim":null,"vertVis":null,"wxString":"BR","notDecoded":null,"clouds":[{"cover":"SCT","base":400,"type":null}],"icgTurb":[],"temp":[]}]}]