[{"tafId":13513835,"icaoId":"LKPR","dbPopTime":"2023-12-16 08:21:03","bulletinTime":"2023-12-16 08:21:00","issueTime":"2023-12-16 08:00:00","validTimeFrom":1702717200,"validTimeTo":1702825200,"rawTAF":"TAF LKPR 160800Z 1609/1715 25009KT CAVOK BECMG 1618/1620 23016KT BECMG 1712/1714 24010KT","mostRecent":1,"remarks":"","lat":50.101,"lon":14.26,"elev":364,"prior":2,"name":"Prague/Havel Arpt, ST, CZ","fcsts":[{"timeGroup":0,"timeFrom":1702717200,"timeTo":1702749600,"timeBec":null,"fcstChange":null,"probability":null,"wdir":250,"wspd":9,"wgst":null,"wshearHgt":null,"wshearDir":null,"wshearSpd":null,"visib":"6\u002B","altim":null,"vertVis":null,"wxString":"NSW","notDecoded":null,"clouds":[{"cover":"NSC","base":null,"type":null}],"icgTurb":[],"temp":[]},{"timeGroup":1,"timeFrom":1702749600,"timeTo":1702814400,"timeBec":1702756800,"fcstChange":"BECMG","probability":null,"wdir":230,"wspd":16,"wgst":null,"wshearHgt":null,"wshearDir":null,"wshearSpd":null,"visib":"6\u002B","altim":null,"vertVis":null,"wxString":"NSW","notDecoded":null,"clouds":[{"cover":"NSC","base":null,"type":null}],"icgTurb":[],"temp":[]},{"timeGroup":2,"timeFrom":1702814400,"timeTo":1702825200,"timeBec":1702821600,"fcstChange":"BECMG","probability":null,"wdir":240,"wspd":10,"wgst":null,"wshearHgt":null,"wshearDir":null,"wshearSpd":null,"visib":"6\u002B","altim":null,"vertVis":null,"wxString":"NSW","notDecoded":null,"clouds":[{"cover":"NSC","base":null,"type":null}],"icgTurb":[],"temp":[]}]}]